﻿RazaoSocial;REGISTRO_ANS;UF;Total_Despesas;Media_Trimestral;Variabilidade_Std
BRADESCO SAÚDE S.A.;5711;RJ;322829816056.35;1460768398.4450226;3873998642.7536297
AMIL ASSISTÊNCIA MÉDICA INTERNACIONAL S.A.;326305;SP;196868134997.86;532076040.5347567;1816896019.7924163
NOTRE DAME INTERMÉDICA SAÚDE S.A.;359017;SP;89968507352.89;316790518.8482042;923766678.4428247
HAPVIDA ASSISTENCIA MEDICA S.A.;368253;CE;88238380836.99;200541774.62952274;758781365.8915881
CAIXA DE ASSISTÊNCIA DOS FUNCIONÁRIOS DO BANCO DO BRASIL;346659;DF;68067241302.36;428095857.24754715;1144503371.2559395
UNIMED BELO HORIZONTE COOPERATIVA DE TRABALHO MÉDICO;343889;MG;49274637816.57;110978914.00128378;407512483.80256003
UNIMED DO EST. DO RJ FEDERAÇÃO EST. DAS COOPERATIVAS MÉDICAS;312363;RJ;43900316404.24;337694741.5710769;651387234.897991
UNIMED DE CIANORTE - COOPERATIVA DE TRABALHO MEDICO ;354627;PR;43199597357.939995;258680223.70023948;1896995740.874662
UNIMED PORTO ALEGRE - COOPERATIVA MÉDICA LTDA.;352501;RS;32557685318.670002;91197998.0915126;309791370.80031836
UNIMED CURITIBA - SOCIEDADE COOPERATIVA DE MÉDICOS;304701;PR;29644337466.09;80555264.85350543;267200705.62259093
UNIMED CAMPINAS - COOPERATIVA DE TRABALHO MÉDICO;335690;SP;26271642252.420002;70813051.89331537;265085493.5283098
OMINT SERVIÇOS DE SAÚDE S.A.;359661;SP;19640590461.59;110340395.85162921;306354969.84864736
FUNDAÇÃO SAÚDE ITAÚ;312126;MG;19330710334.54;191393171.6291089;334054728.2707534
GRUPO HOSPITALAR DO RIO DE JANEIRO LTDA;309222;RJ;18496575651.34;96336331.51739584;253772782.19496736
SERV  SOCIAL AUTÔNOMO DE ASSIST À SAÚDE DOS SERV PÚBLICOS E MILITARES DE GOIÁS;424188;GO;18050303438.42;176963759.20019606;433359414.3989549
UNIMED VITORIA COOPERATIVA DE TRABALHO MEDICO;357391;ES;16618771508.26;50666986.30567073;162014100.29778555
UNIMED FRANCISCO BELTRAO COOPERATIVA DE TRABALHO MEDICO;336858;PR;16004702390.34;84680965.02825397;691183020.0088404
FUNDAÇÃO CESP;315478;SP;13611900078.32;115355085.40949152;249527070.1710054
UNIMED RECIFE COOPERATIVA DE TRABALHO MÉDICO;344885;PE;13447928337.01;86204668.82698718;183489223.515616
SAMEDIL SERVIÇOS DE ATENDIMENTO MÉDICO S/A;335614;ES;12870264538.19;117002404.89263637;211316767.08509186
UNIMED DO ESTADO DE SÃO PAULO - FEDERAÇÃO ESTADUAL DAS COOP. MÉDICAS;319996;SP;11858827592.85;64101770.77216216;162943721.56330687
UNIMED GRANDE FLORIANÓPOLIS-COOPERATIVA DE TRABALHO MEDICO;360449;SC;11704250153.09;28000598.45236842;91799586.63355209
UNIMED SAO JOSÉ DO RIO PRETO - COOP. DE TRABALHO MÉDICO;335100;SP;11470005744.37;44630372.546186775;126334427.3785488
BRADESCO SAÚDE - OPERADORA DE PLANOS  S/A;421715;SP;11290181741.06;289491839.51435894;594231619.5922991
ASSOCIAÇÃO PETROBRAS DE SAÚDE - APS;422631;RJ;9492632107.74;155616919.7990164;585725601.9610686
CAIXA BENEFICENTE DOS FUNCIONARIOS DO BANCO DO ESTADO DE SÃO PAULO;352331;SP;9316883833.28;51191669.41362638;143615009.4959584
NOTRE DAME INTERMÉDICA MINAS GERAIS SAÚDE S.A.;348520;CE;9102611143.02;31280450.663298972;87955896.54258998
UNIMED DE LONDRINA COOPERATIVA DE TRABALHO MÉDICO;343269;PR;8886393360.46;32670563.825220585;93596276.2982204
UNIMED-SÃO GONÇALO - NITERÓI - SOC.COOP.SERV.MED E HOSP LTDA;343731;RJ;8758962966.41;33688319.101576924;87049996.06712131
UNIMED SOROCABA COOPERATIVA DE TRABALHO MÉDICO;348295;SP;8696823459.32;52390502.76698795;135005803.7059886
UNIMED SERRA GAUCHA/RS COOPERATIVA DE ASSISTENCIA A SAUDE LTDA;325571;RS;8511604731.44;31878669.40614232;95005718.53727616
UNIMED MACEIO COOPERATIVA DE TRABALHO MÉDICO;327689;AL;8502664352.57;28822591.025661018;93438652.52868177
UNIMED DE SANTOS COOP DE TRAB MEDICO;355721;SP;7320780021.61;25157319.661890034;79701567.57108052
UNIMED REGIONAL MARINGÁ COOP.DE TRABALHO MÉDICO;371254;PR;7233197680.0199995;23257870.353762057;70127819.61202687
SANTA HELENA ASSISTÊNCIA MÉDICA S/A.;355097;SP;7083031232.27;41180414.14110465;97002939.51594082
UNIMED DE RIBEIRAO PRETO - COOPERATIVA DE TRABALHO MÉDICO;351202;SP;7082098524.17;34887184.84812808;84620633.69929075
UNIMED UBERLÂNDIA COOPERATIVA REGIONAL TRABALHO MÉDICO LTDA;384577;MG;6711381388.31;25325967.503056604;70034378.05629194
CLINIPAM CLINICA PARANAENSE DE ASSISTENCIA MEDICA LTDA;340782;CE;6526616710.36;25494596.52484375;68121588.01850271
UNIMED BLUMENAU - COOPERATIVA DE TRABALHO MEDICO;334561;SC;6356035808.44;18264470.713908046;58413111.6405579
ODONTOPREV S/A;301949;SP;6317645693.67;74325243.45494118;144132247.29203328
CENTRO TRASMONTANO DE SAO PAULO;303623;SP;6315941150.89;60151820.48466667;123275985.59265149
FUNDAÇÃO SÃO FRANCISCO XAVIER;339954;MG;6124279298.9800005;27837633.17718182;74108908.23386542
UNIMED DO ESTADO DO PARANÁ FEDERAÇÃO ESTADUAL DAS COOPERATIVAS MÉDICAS;312720;PR;6094664264.56;13695874.751820225;52506457.906857416
UNIMED DO ESTADO DE SANTA CATARINA FED. EST. DAS COOP. MÉD.;355691;SC;5942607226.56;14893752.447518798;49361117.737754054
UNIMED DIVINOPOLIS - COOPERATIVA DE TRABALHO MEDICO LTDA;319121;MG;5763094190.4;16465983.401142856;50926357.435895585
POSTAL SAÚDE CAIXA DE ASSISTÊNCIA E SAÚDE DOS EMPREGADOS DOS CORREIOS;419133;DF;5761123493.62;55933237.80213592;189723028.61163405
UNIMED SAO JOSE DOS CAMPOS - COOPERATIVA DE TRABALHO MEDICO;331872;SP;5590284468.1;18950116.841016952;58913178.134328604
ASSOCIAÇÃO DE BENEFICÊNCIA E FILANTROPIA SÃO CRISTOVÃO;314218;SP;5491164384.5;35889963.29738562;91209640.80792616
UNIMED DE PIRACICABA SOCIEDADE COOPERATIVA DE SERVIÇOS MÉDICOS;315729;SP;5304022210.88;12480052.260894118;46031007.58243258
UNIMED DE JOINVILLE COOPERATIVA DE TRABALHO MÉDICO;321273;SC;5243098535.35;25451934.63762136;61599226.07637944
UNIMED - COOPERATIVA DE SERVIÇOS DE SAÚDE DOS VALES DO TAQUARI E RIO PARDO LTDA.;306398;RS;5140673072.34;18693356.62669091;52362741.7394685
CEMIG SAÚDE;417505;MG;5112761632.35;38733042.669318184;94516040.16545804
UNIMED LITORAL COOPERATIVA DE TRABALHO MÉDICO LTDA;303356;SC;5023336298.81;21467249.140213676;56446231.87576017
UNIMED DE BAURU COOPERATIVA DE TRABALHO MÉDICO;369659;SP;4909218832.69;9798839.985409182;36910387.114721164
UNIMED JUIZ DE FORA COOPERATIVA DE TRABALHO MÉDICO LTDA;306886;MG;4816396224.78;13195606.095287671;42528562.91127885
UNIMED SERGIPE - COOPERATIVA DE TRABALHO MÉDICO;337668;SE;4812363922.75;18023834.916666668;53918197.71793287
UNIMED DE CASCAVEL COOPERATIVA DE TRABALHO MÉDICO;370070;PR;4783896972.38;17652756.355645757;49687270.013035305
PASA - PLANO DE ASSISTENCIA A SAUDE DO APOSENTADO DA VALE;331988;RJ;4434563342.68;29563755.61786667;78272291.60776936
UNIMED SÃO CARLOS - COOPERATIVA DE TRABALHO MÉDICO;354031;SP;4171669947.11;18137695.42221739;50335809.264983624
UNIMED DE PRESIDENTE PRUDENTE COOPERATIVA DE TRAB. MÉDICO;315796;SP;4011718126.1;12695310.52563291;40271840.51184714
ASSOCIAÇÃO SANTA CASA SAÚDE DE SÃO JOSÉ DOS CAMPOS;419249;SP;3946445837.43;31320998.709761903;81912704.99517629
UNIMED DE MACAÉ COOPERATIVA DE ASSISTÊNCIA À SAÚDE;302953;RJ;3897514845.93;14488902.772973977;39720726.67540868
UNIMED NORTE DO MATO GROSSO COOPERATIVA DE TRABALHO MÉDICO;353663;MT;3737507902.62;17797656.679142855;48122994.21549269
ALICE OPERADORA LTDA.;421928;SP;3681869931.36;31740258.028965518;58018105.66614514
UNIMED JUNDIAI - COOPERATIVA DE TRABALHO MÉDICO;303267;SP;3634205363.9;13263523.225912409;41130856.261623584
UNIMED DE VOLTA REDONDA COOPERATIVA DE TRABALHO MÉDICO;364584;RJ;3625182090.7799997;16861312.050139535;44631196.7308262
UNIMED VALE DO SINOS - COOPERATIVA DE ASSISTÊNCIA À SAÚDE LTDA;356417;RS;3599674890.5499997;15650760.39369565;44701481.031674385
HUMANA SAÚDE LTDA.;348180;PR;3525329531.28;12681041.479424462;34303395.08823612
UNIMED CARUARU-COOPERATIVA DE TRABALHO MEDICO;340952;PE;3479887847.84;17486873.60723618;46915419.54760867
UNIMED SUL CAPIXABA COOPERATIVA DE TRABALHO MÉDICO;320706;ES;3451882242.09;14382842.675375002;40952253.158076935
UNIMED NOVA FRIBURGO-SOC.COOP.SERV.MED.HOSP.LTDA.;335479;RJ;3425158475.84;13431994.022901962;36235275.772568844
UNIMED UBERABA COOPERATIVA DE TRABALHO MEDICO LTDA.;354066;MG;3406208063.61;12709731.58063433;35323149.45616731
UNIMED DE SANTA BÁRBARA D'OESTE E AMERICANA - COOP DE TRABALHO MÉDICO;369292;SP;3314747334.49;11086111.486588627;33690353.50125146
UNIMED NOVA IGUACU COOPERATIVA DE TRABALHO MEDICO;344397;RJ;3267389516.86;19923106.810121953;46574830.4382447
UNIMED DE MARILIA COOPERATIVA DE TRABALHO MÉDICO;336106;SP;3183902869.84;7353124.410715936;28025189.02503033
UNIMED VALE DO SÃO FRANCISCO COOPERATIVA DE TRABALHO MÉDICO;323268;PE;3160924263.83;14048552.283688888;38638221.974189036
METRUS INSTITUTO DE SEGURIDADE SOCIAL;380661;SP;3155418368.89;20623649.46986928;53405628.86202854
UNIMED PONTA GROSSA COOPERATIVA DE TRABALHO MEDICO;349712;PR;3155028492.02;14743123.79448598;34047388.77825691
LEVE SAUDE OPERADORA DE PLANOS DE SAUDE S.A;422339;RJ;3139331329.49;16350684.007760415;40607346.94422014
SOBAM CENTRO MÉDICO HOSPITALAR S.A.;326500;SP;3051170909.64;18951372.109565217;53875821.13335803
SAMEL PLANO DE SAÚDE LTDA;367095;AM;3000731949.0099998;37983948.721645564;79858460.29917409
FUNDAÇÃO COPEL DE PREVIDÊNCIA E ASSISTÊNCIA SOCIAL;355151;PR;2967653327.35;17770379.20568862;46473274.17747095
UNIMED DE ARARAQUARA - COOP. DE TRAB. MÉDICO;364312;SP;2964912293.03;19506001.92782895;42736234.53473048
MEDISERVICE OPERADORA DE PLANOS DE SAÚDE S.A.;333689;SP;2964574766.89;42351068.09842857;81852353.36573802
UNIMED REGIONAL DA BAIXA MOGIANA - COOPERATIVA DE TRABALHO MÉDICO;311847;SP;2944534865.7;10630089.767870035;35922871.408195
UNIMED FRANCA - SOCIEDADE COOPERATIVA DE SERVIÇOS MÉDICOS E HOSPITALARES;354783;SP;2923685293.69;7420521.049974619;27691143.22923599
REAL GRANDEZA - FUNDAÇÃO DE PREVIDÊNCIA E ASSISTÊNCIA SOCIAL;331317;RJ;2900637366.73;14288854.023300493;37698288.05387677
COOPERATIVA CENTRAL UNIMED DE COOPERATIVAS DE ASSISTÊNCIA À SAÚDE DO RIO GRANDE DO SUL LTDA.;367087;RS;2796273433.25;9049428.58656958;30568168.936255775
UNIMED DE CRICIÚMA COOPERATIVA DE TRABALHO MÉDICO DA REGIÃO CARBONÍFERA;329339;SC;2779599773.2400002;6697830.778891567;24717702.263725128
CAIXA DE PREVIDÊNCIA E ASSISTÊNCIA DOS SERVIDORES DA FUNDAÇÃO NACIONAL DE SAÚDE - CAPESESP;324477;RJ;2737837763.4900002;26580949.16009709;60309170.70966841
FUNDAÇÃO CHESF DE ASSISTÊNCIA E SEGURIDADE SOCIAL;317233;PE;2715332052.02;28284708.875208333;65420876.62693641
ASSOCIACAO DOS AUDITORES FISCAIS DA RECEITA ESTADUAL DE SAO PAULO;317632;SP;2674421640.37;34732748.57623377;73036647.8966936
UNIMED GOVERNADOR VALADARES COOP. DE TRABALHO MÉDICO LTDA.;386588;MG;2668288846.67;11402943.789188035;30573568.395461917
COOPERATIVA DE TRABALHO MÉDICO DE POUSO ALEGRE;337188;MG;2652884903.83;9407393.275992908;28231064.8674996
ASSOCIAÇÃO SANTA SAÚDE;418021;SP;2631434171.01;19348780.669191178;48741290.229198895
ASSOCIAÇÃO DE SAÚDE PORTUGUESA DE BENEFICÊNCIA;417530;SP;2618692786.4700003;24939931.29971429;49066564.84547405
UNIMED DO CEARÁ - FEDERAÇÃO DAS SOCIEDADES COOPERATIVAS MÉDICAS DO ESTADO DO CEARÁ LTDA.;321958;CE;2558057577.06;19379224.06863636;43985493.74134886
UNIMED SANTA MARIA/RS - COOPERATIVA DE ASSISTÊNCIA À SAÚDE LTDA;319708;RS;2472427249.59;10301780.206625002;28008465.659482904
UNIMED SALTO/ITU - COOPERATIVA MÉDICA;346276;SP;2468448218.79;8040547.943941368;24326534.262749583
ALVORECER - ASSOCIAÇÃO DE SOCORROS MÚTUOS;344800;SP;2430689645.39;33759578.408194445;62616155.4598214
KLINI PLANOS DE SAÚDE LTDA;422029;RJ;2382189063.56;23128049.160776697;46390634.894827165
UNIMED CHAPECÓ - COOPERATIVA DE TRABALHO MÉDICO DA REGIÃO OESTE CATARINENSE;354295;SC;2333100398.73;11903573.462908164;27562892.09462558
PROMÉDICA - PROTEÇÃO MEDICA A EMPRESAS S.A.;326861;BA;2305050149.33;28110367.674756095;58536764.09745678
UNIMED PATOS DE MINAS COOPERATIVA TRABALHO MÉDICO LTDA.;353060;MG;2303370549.22;9032825.683215685;24862540.13221322
SERVIÇO SOCIAL DA INDÚSTRIA DO PAPEL, PAPELÃO E CORTIÇA DO ESTADO DE SÃO PAULO - SEPACO;420077;SP;2257727937.35;34734275.959230766;54931127.0070015
UNIMED DE CAMPOS COOPERATIVA DE TRABALHO MÉDICO;352683;RJ;2248039552.82;9525591.325508475;25132327.41537965
UNIMED RONDONOPOLIS COOPERATIVA DE TRABALHO MÉDICO LTDA;359777;MT;2231787806.2;6583444.856047197;20937631.538988326
CAIXA DE ASSISTÊNCIA À SAÚDE - CABERJ;324361;RJ;2209397349.65;13554584.967177914;31043589.34552014
CIRCULO OPERARIO CAXIENSE;310247;RS;2193516716.35;12606417.91005747;30961234.15154935
UNIMED ANHANGUERA COOPERATIVA DE TRABALHO MÉDICO;348082;SP;2134481559.97;10164197.904619047;29244384.209906127
UNIMED DE GUARULHOS COOPERATIVA DE TRABALHO MÉDICO;333051;SP;2112691649.59;9389740.664844444;24694739.059457377
AUSTACLINICAS ASSISTÊNCIA MÉDICA E HOSPITALAR LTDA;327417;SP;2091283609.25;12751729.324695121;30385952.908337962
UNIMED DO SUDOESTE COOPERATIVA DE TRABALHO MEDICO LTDA;350371;BA;2056970954.8700001;9142093.132755555;23833890.315980524
AMPLA PLANOS DE SAUDE LTDA;422720;RJ;2049270545.33;42693136.361041665;63647927.94995197
2CARE OPERADORA DE SAÚDE LTDA.;421421;SP;2022218203.57;17137442.403135594;41400364.193181284
UNIMED AMPARO COOPERATIVA DE TRABALHO MÉDICO;345598;SP;1994675747.3999999;8345923.629288702;21856884.13732609
UNIMED RIO VERDE COOPERATIVA TRABALHO MEDICO;320251;GO;1986211825.98;8275882.6082500005;21740884.4829381
INTEGRA ASSISTENCIA MEDICA SA;423173;SP;1978400688.99;43008710.63021739;58885440.643675014
UNIMED DE BOTUCATU COOPERATIVA DE TRABALHO MÉDICO;304883;SP;1944554592.46;11644039.475808384;29598277.578061674
UNIMED LESTE PAULISTA COOPERATIVA DE TRABALHO MÉDICO;358088;SP;1944381217.06;5804123.035999999;20702154.36639012
FUNDAÇÃO CELESC DE SEGURIDADE SOCIAL - CELOS;315044;SC;1936420705.07;12102629.4066875;29682555.066149298
UNIMED DE LIMEIRA COOPERATIVA DE TRABALHO MÉDICO;301574;SP;1929849765.42;8654034.822511211;24796325.75398336
ASSOCIAÇÃO DR. BARTHOLOMEU TACCHINI;342556;RS;1902001179.61;12851359.321689188;31356888.162691213
UNIMED PETROPOLIS-RJ COOPERATIVA DE TRABALHO MÉDICO;323993;RJ;1859378961.52;8688686.736074766;19869846.591158126
UNIMED DE BEBEDOURO COOPERATIVA DE TRABALHO MÉDICO;331341;SP;1852273344.57;9035479.729609756;23095429.180926327
UNIMED COSTA OESTE - COOPERATIVA DE TRABALHO MÉDICO;371106;PR;1819405193.64;6640164.940291971;19187217.607664403
ABERTTA SAÚDE - ASSOCIAÇÃO BENEFICENTE DOS EMPREGADOS DA ARCELORMITTAL NO BRASIL;314668;MG;1811168188.02;9055840.9401;21262440.488413323
ASSOCIAÇÃO EVANGELICA BENEFICENTE DE LONDRINA;326755;PR;1810759975.75;7838787.773809524;20372285.367139474
UNIMED PELOTAS/RS - COOPERATIVA DE ASSISTÊNCIA À SAÚDE LTDA.;311375;RS;1775449107.53;10030785.918248588;23446676.768941995
S.P.A SAUDE- SISTEMA DE PROMOÇÃO ASSISTENCIAL;324493;SP;1768232035.7;13098015.07925926;27869110.85595445
UNIMED DE DOURADOS COOPERATIVA DE TRABALHO MÉDICO LTDA;333662;MS;1733108807.1200001;6823263.020157481;17033415.363536537
UNIMED DE TUBARAO - COOPERATIVA DE TRABALHO MEDICO DA REGIAO DA AMUREL;364860;SC;1724041616.9;4431983.591002571;13994788.34348328
UNIMED DE ARACATUBA - COOPERATIVA DE TRABALHO MÉDICO;369411;SP;1700939114.05;5707849.376006711;15886512.834444113
SERMED-SAÚDE LTDA.;303739;SP;1694658067.6200001;7773660.860642202;24394099.75677319
UNIMED NOROESTE/RS - SOCIEDADE COOPERATIVA DE ASSISTÊNCIA À SAÚDE LTDA.;357260;RS;1694317274.72;6516604.902769231;18536793.37382889
UNIMED RIO BRANCO COOPERATIVA DE TRABALHO MEDICO LTDA;337871;AC;1665025032.3500001;6330893.659125476;18064143.46708068
IRMANDADE DA SANTA CASA DE MISERICÓRDIA DE PIRACICABA;354562;SP;1650081489.6;19186994.06511628;40118144.20119685
UNIMED NOROESTE CAPIXABA COOPERATIVA DE TRABALHO MÉDICO.;371629;ES;1626636958.11;9036871.9895;20288225.94554748
FUNDAÇÃO SANEPAR DE ASSISTÊNCIA SOCIAL;338648;PR;1611445917.94;12025715.805522388;30626187.0877598
UNIMED PATO BRANCO SOCIEDADE COOPERATIVA DE MÉDICOS;370681;PR;1607018533.49;5268913.224557377;16879004.112196244
UNIMED PLANALTO MÉDIO/RS - COOPERATIVA DE ASSISTÊNCIA À SAÚDE LTDA.;319384;RS;1596814920.36;9448608.996213017;18158458.970953465
SÃO LUCAS SAÚDE S/A;344362;SP;1593938750.94;16603528.655625;35846243.62430653
ECONOMUS INSTITUTO DE SEGURIDADE SOCIAL;342611;SP;1508870429.71;11430836.588712122;23208949.613839414
UNIMED DE RIO CLARO SP COOPERATIVA DE TRABALHO MEDICO;306126;SP;1492244091.26;4077169.648251366;15222333.832454655
SANTA CASA DE MISERICÓRDIA DE JUIZ DE FORA;342807;MG;1483721005.22;9047079.300121952;20372169.399521656
UNIMED ANÁPOLIS COOPERATIVA DE TRABALHO MÉDICO.;312347;GO;1469329846.28;5014777.632354949;13535684.343476752
UNIMED MONTES CLAROS COOPERATIVA DE  TRABALHO MÉDICO LTDA.;304051;MG;1406179213.59;7400943.229421052;15070990.685457785
UNIMED DE OURINHOS - COOPERATIVA DE TRABALHO MÉDICO;311294;SP;1402786574.84;8251685.734352941;19745452.3694705
PLANO DE SAÚDE DA SANTA CASA DE BRAGANÇA PAULISTA;420166;SP;1387113506.03;10274914.859481482;24830950.293618694
UNIMED VARGINHA COOPERATIVA DE TRABALHO MÉDICO;344729;MG;1354699828.18;5230501.267104248;13703522.59162491
UNIMED TEOFILO OTONI COOPERATIVA DE TRABALHO MÉDICO;316881;MG;1347562309.56;9167090.541224489;17932732.540306266
MÚTUA DOS MAGISTRADOS DO ESTADO DO RIO DE JANEIRO;418650;RJ;1346042629.7;21365756.02698413;29565293.93941941
UNIMED PALMAS COOPERATIVA DE TRABALHO MÉDICO;309907;TO;1342233285.06;5687429.1739830505;13101404.389848346
UNIMED REGIONAL DE CAMPO MOURÃO COOP TRAB MEDICO ;306100;PR;1334169886.83;7941487.421607142;18135160.159695387
UNIMED ENCOSTA DA SERRA/RS SOCIEDADE COOPERATIVA DE SERVIÇOS DE SAÚDE LTDA.;311715;RS;1268556223.1;7207705.813068181;16512524.29269465
UNIMED METROPOLITANA DO AGRESTE - COOPERATIVA DE TRABALHO MÉDICO;318566;AL;1237745012.14;5730300.98212963;14602114.515770597
UNIMED COSTA DO DESCOBRIMENTO COOPERATIVA DE TRABALHO MÉDICO;324345;BA;1236177467.32;6307027.894489796;16056303.864551593
UNIMED CONSELHEIRO LAFAIETE COOPERATIVA DE TRABALHO MÉDICO LTDA;345709;MG;1195600776.81;4066669.308877551;11468756.965053871
UNIMED NORTE CAPIXABA- COOPERATIVA DE TRABALHO MÉDICO;371777;ES;1180613608.09;5045357.299529914;13808489.956237657
CAIXA DE ASSISTENCIA A SAUDE DA UNIVERSIDADE;316873;MG;1172794059.39;10565712.246756759;24006368.60527604
UNIMED GUARAPUAVA COOPERATIVA DE TRABALHO MÉDICO;322571;PR;1158133648.28;5013565.576969697;11687140.444517765
ASSOCIAÇÃO ADVENTISTA NORTE BRASILEIRA DE PREVENÇÃO E ASSISTÊNCIA A SAÚDE;406554;PA;1150870801.63;14946374.04714286;26781311.113460016
BENEFICENCIA CAMILIANA DO SUL;318299;SP;1150192564.79;14559399.554303797;29674334.26234012
UNIMED DE CATANDUVA - COOPERATIVA DE TRABALHO MÉDICO;351407;SP;1145533824.13;5328064.29827907;12788532.480181271
SIM - CAIXA DE ASSISTÊNCIA À SAÚDE;356476;SC;1139452670.61;10173684.559017856;21559754.58315605
UNIMED VALE DO CAÍ/RS - COOPERATIVA DE ASSISTÊNCIA À SAÚDE LTDA.;313211;RS;1122896537.11;5477544.083463415;13688953.9609533
ASSOCIAÇÃO DA SANTA CASA SAÚDE DE RIBEIRÃO PRETO;417947;SP;1114895744.26;8137925.140583942;16596786.4207752
IRMANDADE SANTA CASA DE MISERICÓRDIA DE MARINGÁ;336831;PR;1100131821.81;7143713.128636363;16879223.488542575
UNIMED DE ASSIS COOPERATIVA DE TRABALHO MÉDICO;300713;SP;1099629662.55;3383475.8847692306;10288901.755909475
UNIMED BARRA DO GARÇAS - COOPERATIVA DE TRABALHO MÉDICO;304468;MT;1099372054.46;3777910.8400687287;10779652.162192294
SELECT OPERADORA DE PLANO DE SAUDE LTDA;358053;GO;1060200447.75;11278728.167553192;23994915.636542853
UNIMED EXTREMO SUL COOPERATIVA DE TRABALHO MÉDICO;346209;BA;1046039413.29;4865299.596697674;11730696.363704527
UNIMED POÇOS DE CALDAS - SOC. COOP. DE TRAB. E SERVIÇOS MÉDICOS;316148;MG;1042750822.84;4965480.108761905;13964554.272960924
FUNDAÇAO COMPESA DE PREVIDENCIA E ASSISTENCIA - COMPESAPREV;307751;PE;1041264814.76;8899699.271452991;21740101.39860107
UNIMED DE BARRA MANSA SOC. COOP. SERV.MED.E HOSPIT.;330264;RJ;1032785651.95;6931447.328523491;15470120.858779285
UNIMED CURVELO COOPERATIVA DE TRABALHO MÉDICO LTDA.;330108;MG;1025623826.24;3770675.831764706;10684238.010800542
UNIMED INCONFIDENTES COOPERATIVA DE TRABALHO MÉDICO LTDA.;304395;MG;1024556596.38;4699800.900825688;12331077.664851204
ASSOCIAÇÃO SÃO FRANCISCO VIDA;419141;SP;1023018893.62;10029596.99627451;22375790.002168793
LUMINAR SAÚDE - ASSOCIAÇÃO DE ASSISTÊNCIA À SAÚDE;418374;DF;996138787.17;5413797.756358695;13681126.078364715
UNIMED DE PARANAGUÁ COOPERATIVA DE TRABALHO MÉDICO;361615;PR;992781139.27;5577422.1307303365;12276049.981304107
UNIMED NORTE FLUMINENSE COOPERATIVA DE TRABALHO MEDICO;312592;RJ;991341083.43;5763610.950174418;11941995.301235305
UNIMED RESENDE COOPERATIVA DE TRABALHO MÉDICO;330566;RJ;973667956.08;5830347.04239521;13603648.324065642
UNIMED DE SÃO ROQUE - COOPERATIVA DE TRABALHO MÉDICO;318388;SP;973077722.4;4964682.257142857;12283167.638693018
UNIMED DE PARANAVAÍ COOPERATIVA DE TRABALHO MÉDICO;320862;PR;942464478.15;4960339.35868421;10889622.960164765
UNIMED MISSÕES/RS - COOPERATIVA DE ASSISTÊNCIA À SAÚDE LTDA.;311618;RS;939956578.31;5053529.990913978;11679001.90279017
ASSOCIAÇÃO PADRE ALBINO SAÚDE;420158;SP;937258079.99;10187587.82597826;19999369.769304916
IRMANDADE DA SANTA CASA DE MISERICÓRDIA DE RIO CLARO;347655;SP;931316551.66;5857336.802893082;14863693.653419252
AMESC - ASSOCIAÇÃO MÉDICA ESPÍRITA CRISTÃ;401081;RJ;923118491.01;7155957.294651163;17562526.317102946
CAIXA ASSISTENCIAL E BENEFICENTE DOS FUNCIONÁRIOS DA ACARESC;327557;SC;910839540.47;6952973.591374046;15911044.51718277
AMEPLAN ASSISTÊNCIA MÉDICA PLANEJADA LTDA;394734;SP;900666300.11;10352486.20816092;14068774.93968196
ASSOCIAÇÃO DOS SERVIDORES FISCAIS DO ESTADO DA BAHIA;335754;BA;879410005.69;10108160.98494253;20800432.047621682
UNIMED REGIONAL SUL GOIAS COOP. DE TRABALHO MÉDICO LTDA;305472;GO;877344167.02;5042207.856436782;10857365.896897245
ELOSAÚDE - ASSOCIAÇÃO DE ASSISTÊNCIA À SAÚDE;417297;SC;867402410.29;5421265.0643125;12963578.648874318
UNIMED OESTE DO PARANA - COOPERATIVA DE TRABALHO MEDICO;305227;PR;866393524.72;2987563.878344828;8763261.800633648
ASSOCIAÇÃO BENEFICENTE DOS PROFESSORES PÚBLICOS ATIVOS E INATIVOS DO RIO DE JANEIRO - APPAI;382540;RJ;864693300.35;13725290.481746033;23208951.17673411
UNIMED VALE DO AÇO COOPERATIVA DE TRABALHO MÉDICO;359289;MG;861668662.95;6068089.175704226;13302526.485632835
UNIMED APUCARANA COOPERATIVA DE TRABALHO MÉDICO;358096;PR;861608634.13;5128622.822202381;11502409.40622646
FUNDAÇÃO DE SEGURIDADE SOCIAL DA ARCELORMITTAL BRASIL - FUNSSEST;330809;ES;848964940.73;12128070.581857143;21426440.971242707
UNIMED DE JABOTICABAL COOP. DE TRABALHO MÉDICO;329886;SP;839417417.09;3850538.610504587;10286790.465938762
ASSOCIAÇÃO SANTA CASA SAÚDE DE ARAÇATUBA;418803;SP;837170400.58;5136014.727484663;11113644.087269854
ASSOCIAÇAO DOS FUNCIONARIOS PUBLICOS DO ESTADO DO RIO GRANDE DO SUL;417599;RS;832877121.62;7058280.691694915;15430581.11962318
UNIMED JOÃO MONLEVADE COOPERATIVA DE TRABALHO MÉDICO LTDA.;352314;MG;825794225.13;3970164.543894231;9781855.010845006
AGROS - INSTITUTO UFV DE SEGURIDADE SOCIAL;368920;MG;818176181.23;6342451.017286822;15328508.87314163
UNIMED PARÁ DE MINAS COOPERATIVA DE TRABALHO MÉDICO LTDA.;304344;MG;808813709.1899999;3301280.445673469;8771388.71994124
UNIMED SÃO JOÃO DEL REI - COOPERATIVA DE TRABALHO MÉDICO;323926;MG;808495665.08;3340891.178016529;8925197.184572158
CAIXA DE ASSISTÊNCIA DOS EMPREGADOS DA SANEAGO;363855;GO;807202585.13;9965464.013950618;20045695.630434614
UNIMED ARAXÁ COOPERATIVA DE TRABALHO MÉDICO LTDA.;331651;MG;793315050.09;3557466.592331839;8093171.164349175
UNIMED OESTE DO PARÁ - COOPERATIVA DE TRABALHO MÉDICO;362140;PA;791616576.54;14136010.295357142;19609047.559571113
UNIMED ITABIRA COOPERATIVA DE TRABALHO MÉDICO;335517;MG;790611302.14;6427734.163739838;11128790.255011544
CAIXA DE ASSISTÊNCIA DOS SERVIDORES FAZENDÁRIOS ESTADUAIS;359122;CE;790157914.03;13623412.310862068;24151413.068302516
UNIMED DE CAÇAPAVA - COOPERATIVA DE TRABALHO MEDICO;334154;SP;778863195.21;2884678.5007777778;7649906.063145942
SAMI ASSISTÊNCIA MÉDICA LTDA;422398;SP;769034958.5500001;9047470.100588236;17284034.34224737
ASSISTÊNCIA MÉDICA SÃO MIGUEL LTDA;325236;SP;768382467.96;13023431.660338983;20481949.060127977
UNIMED CENTRO SUL FLUMINENSE COOPERATIVA DE TRABALHO MÉDICO;320897;RJ;762343664.45;4258903.153351955;9892921.603801725
GOCARE PLANOS DE SAUDE LTDA;422681;SP;762092252.99;5219809.951986302;10090589.944597764
UNIMED ERECHIM - COOPERATIVA DE SERVIÇOS DE SAÚDE LTDA.;357022;RS;761731639.79;3187161.672761506;8398016.628469273
UNIMED FRONTEIRA NOROESTE/RS - COOPERATIVA DE ASSISTÊNCIA À SAÚDE LTDA.;352179;RS;756045082.46;2690551.894875445;7924423.417559655
UNIMED ITAJUBA COOPERATIVA DE TRABALHO MEDICO;322831;MG;745989667.6;3947035.2783068786;11808426.063242434
NOVA SAÚDE OPERADORA INTEGRADA DE SAÚDE LTDA;423661;RJ;745740578.28;13810010.708888888;20104046.17513385
UNIMED DE LENÇOIS PAULISTA - COOPERATIVA DE TRABALHO MÉDICO;325031;SP;741603830.46;3671306.091386139;8663965.062365938
UNIMED BARBACENA - COOPERATIVA DE TRABALHO MÉDICO LTDA;309087;MG;738836159.93;4320679.297836257;9926983.71778354
CAIXA DE ASSISTÊNCIA DOS EMPREGADOS DO SISTEMA FINANCEIRO BANESTES;343331;ES;734075380.35;7126945.440291262;12566095.371551355
GARANTIA DE SAÚDE LTDA;343064;SP;730925050.42;8401437.361149425;17037519.685487416
UNIMED ARAGUARI COOPERATIVA DE TRABALHO MÉDICO ;354325;MG;721671740.42;3590406.6687562186;9100002.834609501
UNIMED SAÚDE E ODONTO S.A;416801;SP;719908174.41;14115846.557058822;20524339.00940035
UNIMED CABO FRIO COOPERATIVA TRABALHO MÉDICO LTDA.;323357;RJ;716370826.55;4264112.062797619;9383164.401377374
UNIMED NOROESTE DO PARANÁ COOP DE TRABALHO MÉDICO .;365777;PR;713159536.55;3301664.5210648146;8190749.3148771925
UNIMED DE LINS - COOPERATIVA DE TRABALHOS MÉDICOS;354279;SP;708264132.92;2938855.3233195017;7592968.143964637
VIVACOM PLANOS DE SAÚDE;361461;GO;700040170.42;4762178.030068027;10659337.727011478
ESMALE ASSISTENCIA INTERNACIONAL DE SAUDE LTDA.;395480;AL;697665829.12;11627763.818666667;16052581.412326029
PARANA ASSISTENCIA MEDICA LTDA;315265;PR;682045959.37;3647304.5955614974;8964713.188184014
UNIMED EXTREMO OESTE CATARINENSE COOPERATIVA DE TRABALHO MÉDICO;340251;SC;678297199.52;2540438.9495131085;6784709.830388769
UNIODONTO DE CAMPINAS COOPERATIVA ODONTOLÓGICA;350494;SP;656803497.78;8420557.663846154;14759189.67772549
TEMPO MED PLANO DE SAUDE LTDA;422771;SC;656119856.78;5166298.08488189;10378811.677935705
IRMANDADE DA SANTA CASA DE MISERICORDIA DE LIMEIRA;319422;SP;656091838.63;6189545.64745283;12464400.516296357
UNIMED MURIAÉ COOPERATIVA DE TRABALHO MEDICO LTDA;368148;MG;652293598.95;5017643.068846154;11090509.775634686
UNIMED NORTE PIONEIRO - COOPERATIVA DE TRABALHO MÉDICO;366064;PR;651668703.62;3226082.691188119;7839933.402540265
SULMED - ASSISTÊNCIA MÉDICA LTDA;338346;RS;642251057.02;4792918.335970149;12457070.538501251
UNIMED DE GUARATINGUETA-COOPERATIVA DE TRABALHO MÉDICO;355577;SP;634867671.51;4176760.996776316;9219264.81376462
FUNDACAO LEONOR DE BARROS CAMARGO;410292;SP;633046276.4399999;7112879.510561797;13895227.121459484
UNIMED VALE DAS ANTAS, RS - COOPERATIVA DE ASSISTÊNCIA À SAÚDE LTDA.;335541;RS;624660960.72;2946513.9656603774;6794571.394781269
UNIMED LAVRAS COOPERATIVA DE TRABALHO MÉDICO;345458;MG;620183666.54;2145964.244083045;6742302.939209777
UNIMED ALTA MOGIANA COOPERATIVA DE TRABALHO MÉDICO;324159;SP;606595782.81;3048220.0141206025;7318974.170249099
PLAMED PLANO DE ASSISTENCIA MEDICA LTDA;343463;SE;606513901.97;8196133.810405406;15913933.453677895
MATÃO CLINICAS & AMHMA SAÚDE LTDA;416495;SP;589010834.82;5077679.610517242;10719598.873779502
ASSOCIAÇÃO DE SAÚDE DO VALE;422321;SC;586454831.1;6108904.490625001;11625108.652847739
UNIMED SUL PAULISTA - COOPERATIVA DE TRABALHO MÉDICO;353027;SP;582151282.46;3000779.8064948455;7638805.863798577
ASSOCIAÇÃO DE SAÚDE DOS FORNECEDORES DE CANA DE PIRACICABA E REGIÃO;418731;SP;580057391.09;5743142.486039604;13568424.308843706
PRONTOMED PLANOS DE SAÚDE LTDA;301728;MG;573413084.18;3822753.894533333;8471711.99649257
BEST SENIOR OPERADORA DE SAÚDE LTDA;421766;ES;569770793.62;6401919.029438202;12796748.633285932
ASSOCIAÇÃO DO PLANO DE SAÚDE DA SANTA CASA DE MISERICÓRDIA DE ITABUNA - PLANSUL;420000;BA;554673967.45;3578541.725483871;8058066.588583886
AMHE MED ASSISTENCIA A SAUDE LTDA - EPP;421731;SP;554441764.62;7108227.751538462;14651876.452655757
SUL AMÉRICA ODONTOLÓGICO S/A;417815;SP;553834877.15;4693515.908050847;9955002.839757837
UNIMED COSTA VERDE RJ;311146;RJ;552038320.59;3608093.5986274513;7928670.997950994
UNIMED ITAÚNA COOPERATIVA DE TRABALHO MÉDICO LTDA.;356581;MG;548131273.48;1993204.6308363636;5621170.053005075
ASSOCIAÇÃO MINEIRA DE ASSISTÊNCIA À SAÚDE DOS MEMBROS DO MINISTÉRIO PÚBLICO;417211;MG;547491024.15;18249700.805;18168107.241527714
UNIMED ITUIUTABA COOPERATIVA TRABALHO MÉDICO LTDA.;301060;MG;542153065.63;2475584.77456621;6538773.190527652
SANTA CASA DE MISERICORDIA DE SAO JOAQUIM DA BARRA;345091;SP;536767627.77;3753619.7746153846;8529871.769125657
UNIMED NOROESTE FLUMINENSE - COOPERATIVA DE TRABALHO MÉDICO LTDA;360414;RJ;535167825.35;5298691.34009901;9456399.161804188
ELETROS SAÚDE - ASSOCIAÇÃO DE ASSISTÊNCIA À SAÚDE;422070;RJ;533439732.09000003;3730347.776853147;9081530.396468926
PLADISA PLANOS DE SAÚDE SA;419486;SC;529262414.83;4268245.280887096;9930745.777452238
UNIMED GUAXUPÉ COOPERATIVA DE TRABALHO MEDICO;318035;MG;527898242.4;2078339.5370078739;5346168.450666082
UNIMED SÃO LOURENÇO COOPERATIVA DE TRABALHO MÉDICO;370088;MG;525177915.92;2152368.5078688525;5950894.787865966
UNIMED ALTO DA SERRA - SOCIEDADE COOPERATIVA DE SERVIÇO MÉDICO LTDA.;343684;RS;525159472.44;2721033.535958549;5952216.365602117
FUNDAÇÃO LIBERTAS DE SEGURIDADE SOCIAL;378216;MG;523048208.25;3992734.4141221372;10108749.205954758
UNIMED DE PINDAMONHANGABA - COOPERATIVA TRABALHO MEDICO;342343;SP;519365810.17;1945190.3002621722;5680409.328855032
COOPERATIVA DE TRABALHO MÉDICO DO PLANALTO NORTE DE SANTA CATARINA LTDA;317012;SC;517133758.0;1944111.8721804512;5404422.420864175
AMHA SAUDE S/A;418587;SP;516975473.51;6154469.922738095;13241072.413721578
UNIMED NORTE PAULISTA - COOPERATIVA DE TRABALHO MÉDICO;323055;SP;515316500.09;2147152.0837083333;6263137.304889959
COOPERATIVA DE TRABALHO MEDICO REGIÃO DO PLANALTO SERRANO;318213;SC;514562492.79;1536007.4411641792;4258478.99673429
ASSOCIAÇÃO MAIS SAÚDE SANTA CASA DE SÃO JOÃO DA BOA VISTA;419150;SP;510223843.49;5932835.389418605;12251672.259241639
SAMOC S.A. - SOCIEDADE ASSISTENCIAL MÉDICA E ODONTO CIRÚRGICA;343676;RJ;510200117.84;4768225.400373831;9262827.290525597
INSTITUIÇÃO BENEFICENTE CEL MASSOT - IBCM;419427;RS;505642467.88;4909150.173592233;10199033.371175315
CAIXA DE ASSISTÊNCIA À SAÚDE DO SINDICATO DOS FUNCIONÁRIOS INTEGRANTES DO GRUPO OCUPACIONAL ADMINISTRAÇÃO TRIBUTÁRIA DO ESTADO DE PERNAMBUCO;417661;PE;504568930.22;5799642.876091954;12702742.48744145
COOPERATIVA DE TRABALHO MEDICO DE ARAGUAÍNA - UNIMED ARAGUAÍNA;313084;TO;502198558.58;1233903.0923341522;3913747.701704786
SAÚDE BRASIL ASSISTÊNCIA MÉDICA LTDA.;421154;SP;490148542.8;5766453.444705882;7656489.634173994
UNIMED DE BIRIGUI - COOPERATIVA DE TRABALHO MÉDICO;345776;SP;485759452.21;1990817.4270901638;5447708.770972101
AMAZÔNIA PLANOS DE SAÚDE LTDA;419052;PA;485740633.83;5223017.568064516;10990280.174732417
UNIMED PATROCÍNIO COOPERATIVA DE TRABALHO MÉDICO LTDA.;355593;MG;480624727.23;3080927.738653846;6454375.569686429
UNIMED DE TAUBATÉ COOPERATIVA DE TRABALHO MÉDICO;363286;SP;475435050.2;2463394.0424870467;5588657.645542618
ASSOCIAÇÃO SAÚDE SÃO JOSÉ;418919;SC;473052458.06;3071769.208181818;7344392.10521502
UNIMED DE LORENA COOPERATIVA DE TRABALHO MÉDICO;385620;SP;471841271.57;2407353.426377551;5936069.293990613
FEDERAÇÃO DAS SOCIEDADES COOPERATIVAS DE TRABALHO MÉDICO DO ACRE, AMAPÁ, AMAZONAS, PARÁ, RONDONIA E RORAIMA;313971;AM;470272021.81;11470049.312439024;26001788.46861414
UNIMED VALE DO JAURU COOPERATIVA DE TRABALHO MÉDICO;370975;MT;465302415.93;2448960.083842105;6076966.807790457
UNIMED DE AVARÉ COOPERATIVA DE TRABALHO MÉDICO;304123;SP;464622026.93;2288778.457783251;5448055.593877151
ÚNICA ASSISTENCIA MEDICA LTDA ;421944;SP;464475619.58;9107365.089803921;14486256.67021282
ASSOCIAÇÃO SÃO LUIZ SAÚDE;421006;SP;462754427.94;6427144.8325;12606517.566252328
UNIMED DE BARRETOS COOPERATIVA DE TRABALHO MÉDICO;347108;SP;460575350.87;3437129.484104478;7666531.21932743
UNIMED ALTO SÃO FRANCISCO COOPERATIVA DE TRABALHO MÉDICO;348261;MG;460273458.21;1770282.531576923;4703156.200965662
IRMANDADE DE MISERICÓRDIA DO HOSPITAL DA SANTA CASA DE MONTE ALTO;333808;SP;458054112.14;4164128.2921818183;8634314.933723662
UNIMED NORTE DO PARANÁ COOPERATIVA REGIONAL DE TRABALHO MÉDICO;358282;PR;451326576.43;1945373.1742672415;4044232.8552091005
DENTAL UNI - COOPERATIVA ODONTOLÓGICA;304484;PR;445649558.65;8738226.640196078;11835659.774555774
ANAFE SAUDE;423319;GO;444723721.7;4447237.217;9493249.78236717
UNIMED-RIO COOPERATIVA DE TRABALHO MEDICO DO RIO DE JANEIRO;393321;RJ;438286071.59999996;27392879.474999998;31307801.130560968
UNITY SERVIÇOS INTEGRADOS DE SAÚDE LTDA.;423335;DF;435506272.01;4733763.826195652;9003110.97402175
CAIXA DE ASSISTÊNCIA AOS MEMBROS DA DEFENSORIA PÚBLICA DO ESTADO DO RIO DE JANEIRO;418820;RJ;433694408.1;4517650.084375001;7490555.303415989
UNIMED DE CAPIVARI -COOPERATIVA DE TRABALHO MÉDICO;366340;SP;422137391.0;1592971.286792453;4867958.8097004555
IRMANDADE DA SANTA CASA DE MISERICÓRDIA DE PASSOS;333875;MG;415772230.14;3273797.087716535;7713750.89821238
IRMANDADE DE MISERICORDIA DE PORTO FERREIRA;329355;SP;407030292.4;5152282.18227848;10279283.758284094
UNIMED VERTENTE DO CAPARAÓ - COOPERATIVA DE TRABALHO MÉDICO LTDA;317896;MG;404734004.2;2628142.884415584;4907171.158155596
UNIMED SÃO SEBASTIÃO DO PARAÍSO COOPERATIVA DE TRABALHO MÉDICO;327352;MG;400718767.78000003;2189720.0425136616;3624216.004500872
UNIMED CATAGUASES COOPERATIVA DE TRABALHO MÉDICO LTDA;315648;MG;392556822.87;1432689.1345620437;3942640.9100726256
UNIMED DE TUPA COOPERATIVA DE TRABALHO MÉDICO;365530;SP;384605280.67;1788861.7705581395;4941934.029944189
OPERADORA DE PLANOS PRIVADOS DE SAÚDE - SANTA CASA SAÚDE LTDA;419699;MS;379328420.85;3059100.1681451616;6454965.476641303
SANTA CASA DE MISERICÓRDIA DE VOTUPORANGA;330116;SP;379080782.52;3948758.1512499996;7068274.948457552
UNIMED VIÇOSA - COOPERATIVA DE TRABALHO MÉDICO;314587;MG;372313716.94;1715731.414470046;4643297.32449028
INTERMEDICI PIRACICABA ASSISTENCIA MEDICA LTDA;312282;SP;372113620.01;3207876.0345689654;7071100.98078374
CONFERÊNCIA SÃO JOSÉ DO AVAÍ;321931;RJ;370810383.33;3822787.457010309;6952609.813446495
UNIMED DE MINEIROS COOPERATIVA DE TRABALHO MÉDICO ;357715;GO;369296474.26;1923419.1367708333;4830616.2962887855
UNIMED DE UBA COOPERATIVA DE TRABALHO MEDICO;362573;MG;368045561.03000003;1711839.818744186;4491568.930212861
ASSOCIAÇÃO POLICIAL DE ASSISTÊNCIA À SAÚDE;410128;SP;365211197.98;3726644.877346939;8354617.443292632
CAIXA DE ASSISTÊNCIA DOS MAGISTRADOS DE PERNAMBUCO;302627;PE;360427072.96;3080573.273162393;6608668.9530416345
UNIMED TRÊS CORAÇÕES COOPERATIVA DE TRABALHO MÉDICO LTDA.;359033;MG;357113931.35;1840793.4605670103;4238775.24905688
ASSOCIAÇÃO PARANAENSE DE ASSISTÊNCIA À SAUDE DOS MEMBROS DO MINISTERIO PUBLICO DO PARANÁ;418617;PR;353640282.18;3929336.4686666667;6783733.718735818
UNIMED CARATINGA - COOPERATIVA DE TRABALHO MÉDICO LTDA;347736;MG;349178916.46999997;2312443.155430463;4578722.023428164
UNIMED NOROESTE DE MINAS COOPERATIVA DE TRABALHO MEDICO LTDA;315494;MG;346089776.95;1721839.686318408;4072835.2749918597
FUNDAÇÃO FILANTRÓPICA E BENEFICENTE DE SAÚDE ARNALDO GAVAZZA FILHO;323942;MG;328259942.39;2525076.479923077;5276567.746043255
UNIMED PLANALTO CENTRAL/RS - COOPERATIVA DE ASSISTÊNCIA  À SAÚDE LTDA.;362832;RS;324332171.71999997;1874752.437687861;4122228.1485581803
UNIODONTO DE SÃO JOSÉ DOS CAMPOS COOPERATIVA DE TRABALHO ODONTOLÓGICO;313751;SP;319522156.17;5605651.862631579;7979771.581520859
UNIMED ALFENAS COOPERATIVA DE TRABALHO MEDICO;354996;MG;316152828.69;1796322.890284091;4151690.3243131363
UNIMED VALE DO PIQUIRI-COOPERATIVA DE TRABALHO MÉDICO VALE DO PIQUIRI ;308811;PR;315983517.84;1880854.2728571426;4554734.4843779495
AMPARA ASSISTÊNCIA MÉDICA PARAÍSO LTDA;325465;MG;309858388.87;2383526.068230769;5343791.383072145
FUNDAÇÃO FIAT SAÚDE E BEM ESTAR;418285;MG;308851967.07;12868831.96125;21650814.982241705
PRONTOCLINICA E HOSPITAIS SAO LUCAS S/A;305626;MG;308316267.57;2111755.257328767;4068634.5209592027
BRASILDENTAL OPERADORA DE PLANOS ODONTOLÓGICOS S.A.;419419;SP;304472497.4;7249345.176190476;9420742.796808349
UNIMED REGIÃO DA CAMPANHA/RS - COOPERATIVA DE ASSISTÊNCIA À SAÚDE LTDA.;350648;RS;299723721.33;1350106.8528378378;3647115.3384132884
FUNDAÇÃO DE ASSISTÊNCIA À SAÚDE DA ASSOCIAÇÃO DO MINISTÉRIO PÚBLICO DO RIO GRANDE DO SUL;420701;RS;292409993.2;4430454.442424242;7299018.899820671
UNIMED DE SAO JOSÉ DO RIO PARDO-COOP. DE TRAB. MÉDICO;354619;SP;288857608.27;2602320.795225225;4860787.896785909
ASSOCIAÇÃO FCA SAÚDE;422053;MG;287504747.73;6534198.812045455;16290639.827447927
CAIXA DE ASSISTÊNCIA DOS EMPREGADOS DO BANEB;315583;BA;285588432.83;4262513.92283582;5296040.347905641
UNIMED LEOPOLDINA COOPERATIVA DE TRABALHO MÉDICO LTDA;386901;MG;283221212.28000003;1966813.9741666669;4465912.162269321
PREVIDENT ASSISTÊNCIA ODONTOLÓGICA S.A;374440;SP;279773581.87;7771488.385277778;8650950.953245107
UNIMED SUDOESTE DE MINAS COOPERATIVA DE TRABALHO MÉDICO;324175;MG;277783183.73;1758121.4160126583;3874520.40722416
ASSOCIAÇÃO PLANO DE SAÚDE SANTA CASA DE VALINHOS;419958;SP;274891620.99;3479640.7720253165;6603061.988218046
UNIMED DE DRACENA - COOPERATIVA DE TRABALHO MÉDICO;314781;SP;271597752.28;1073508.90229249;2923104.759389127
ASSOCIAÇÃO POLICIAL DE ASSISTÊNCIA À SAÚDE DE RIBEIRÃO PRETO (APAS);408794;SP;270985781.68;2913825.6094623655;5925523.950647758
PLAMER PLANO MEDICO RESENDE LTDA;324299;RJ;266088445.58;2861166.0815053764;5564444.481504445
SOCIEDADE BENEFICENTE DEZOITO DE JULHO;413721;MG;262106242.46;3798641.1950724637;6475651.481905156
ASSOCIACAO DOS PROFESSORES UNIVERSITÁRIOS DA BAHIA;343129;BA;258898107.38;2397204.697962963;5231659.26226154
IRMANDADE DA SANTA CASA DE MISERICÓRDIA E MATERNIDADE DONA ZILDA SALVAGNI;321320;SP;252624474.9;4281770.761016949;6545053.494115596
CAIXA DE ASSISTÊNCIA DOS EMPREGADOS DO BANESE;335789;SE;246118487.19;3196343.9894805197;5782008.327361151
UNIMED DE REGISTRO COOPERATIVA DE TRABALHO MÉDICO;351776;SP;242481085.49;4041351.4248333336;6293357.082864481
UNIMED DE MONTE ALTO - COOPERATIVA DE TRABALHO MÉDICO;309524;SP;240801754.27;1672234.4046527778;3911106.9896469554
UNIMED TRÊS PONTAS - COOPERATIVA DE TRABALHO MÉDICO;364070;MG;239448201.32999998;1073758.7503587443;2983339.020905352
ASSOCIAÇÃO DOS EMPREGADOS DA COMPANHIA ESTADUAL DE HABITAÇÃO E OBRAS PÚBLICAS - ASSEC;384704;SE;238606914.47;5681117.011190476;7603873.812114483
UNIX SAÚDE S.A;418137;BA;235943960.95;2051686.6169565215;3559829.750764684
UNIMED REGIONAL DE FLORIANO - COOPERATIVA DE TRABALHO MÉDICO;316458;PI;233747731.32999998;2032588.9680869563;3936321.8184920084
ASSOCIAÇÃO DOS AUDITORES FISCAIS DA RECEITA ESTADUAL DO RIO DE JANEIRO;387185;RJ;231204061.85;5137868.041111111;6378103.703241045
UNIODONTO BELÉM - COOPERATIVA DE ASSISTÊNCIA À SAÚDE ODONTOLÓGICA;368555;PA;230524858.99;4268978.870185185;6254507.364500152
TRINO - ALIANCA FILANTRÓPICA DE ASSISTÊNCIA E INTEGRAÇÃO PARA O DESENVOLVIMENTO DA SAUDE;422827;ES;230259639.87;3243093.519295775;6065810.116549854
UNIMED REGIÃO DA FRONTEIRA - RS COOPERATIVA DE ASSISTÊNCIA À SAÚDE LTDA.;328375;RS;229812292.39000002;1445360.3294968554;3461147.648021958
ATÍVIA SERVIÇOS DE SAÚDE S/A;320510;SP;226820302.21;3335592.679558824;4518487.409408956
PB ASSISTENCIA MEDICA EU LTDA;422584;BA;222883816.25;2751652.0524691357;4343460.903428175
ASSOCIAÇÃO SANTA CASA CLÍNICAS DE BIRIGUI;420786;SP;221320189.78;2169805.782156863;4226563.71736221
ASSOCIAÇÃO POLICIAL DE ASSISTÊNCIA À SAÚDE DE ARAÇATUBA (APAS);414212;SP;217970373.72;2594885.4014285714;5364717.766084515
ASSOCIAÇÃO POLICIAL DE ASSISTÊNCIA À SAÚDE;406937;SP;214792437.38;2237421.2227083333;3766969.0414237385
UNIMED SUDOESTE PAULISTA COOPERATIVA DE TRABALHO MÉDICO;327468;SP;212618090.21;1296451.7695731707;3195999.692803114
PESSOAL SAÚDE PLANOS DE ASSISTÊNCIA MÉDICA LTDA;310239;SP;206651127.13;3690198.69875;5635927.267419595
MAIS SAUDE S/A;419516;ES;204333522.89;4086670.4577999995;6224636.878582986
ASSOCIAÇÃO DOS SERVIDORES MUNICIPAIS, ESTADUAIS E FEDERAIS DO RIO DE JANEIRO;309028;RJ;204185161.23;2759258.9355405406;4145394.779458136
SANTA CASA DE MISERICORDIA HOSPITAL SÃO VICENTE;353264;SP;200503208.93;1891539.7068867926;4448611.504995482
AME VVIDA PLANOS DE SAUDE INTEGRADO LTDA.;423351;RO;192745775.44;3212429.5906666666;5011734.6604816085
UNIMED ALTO JACUÍ/RS - COOPERATIVA DE ASSISTÊNCIA À SAÚDE LTDA;352519;RS;189724399.76;894926.4139622641;1884555.8834527726
SOCIEDADE PORTUGUESA DE BENEFICÊNCIA;413372;RS;185520217.56;1394888.8538345865;3112964.3580535944
UNIMED DE JATAÍ COOPERATIVA DE TRABALHO MÉDICO LTDA.;334847;GO;182955736.43;575332.5044968553;1462794.007116254
UNIODONTO DE FORTALEZA COOPERATIVA DE TRABALHO ODONTOLOGICO LTDA;335258;CE;181608551.06;3243009.840357143;4985148.936807263
SANTA CASA DE MISERICÓRDIA E BENEFICÊNCIA PORTUGUESA;422762;SP;177810972.99;2195197.1974074077;4086734.032019121
SANTA CASA DE SAÚDE - SCS;420085;ES;169038334.1;2061443.0987804877;3618547.644687267
DESBAN - FUNDAÇÃO BDMG DE SEGURIDADE SOCIAL;357669;MG;166816077.63;1390133.98025;3370450.494841853
UNIMED DO OESTE DA BAHIA COOPERATIVA DE TRABALHO MÉDICO;325082;BA;164675408.28;1892820.7848275863;2471213.452524168
UNIODONTO PORTO ALEGRE COOPERATIVA ODONTOLOGICA LTDA;366439;RS;164101645.34;3038919.3581481483;4498943.626732087
HOSPITAL DE PRONTOCLINICA LTDA.;341941;RS;161347125.04;1646399.2351020407;3082814.5747209936
UNIODONTO REGIONAL COOPERATIVA ODONTOLOGICA;344451;MG;157529978.68;2283043.1692753625;4014373.999524678
UNIODONTO PIRACICABA - COOPERATIVA ODONTOLÓGICA;346004;SP;157316395.93;2537361.2246774193;4278723.563214594
UNIMED SÃO JOÃO NEPOMUCENO COOPERATIVA DE TRABALHO MÉDICO LTDA.;327638;MG;154942624.55;1239540.9964;2512037.2076099804
ATITUDE SAÚDE ASSISTÊNCIA MEDICA LTDA;422151;BA;154678182.61;2178565.9522535214;3674692.6555364607
UNIODONTO MACEIÓ COOPERATIVA ODONTOLÓGICA;321125;AL;153477796.02;5684362.815555556;5793089.604818246
AURORA SAÚDE LTDA;423629;MG;153136751.09;1914209.3886250001;3187401.405585883
UNIMED MACHADO COOPERATIVA DE TRABALHO MEDICO;354678;MG;153093603.23;981369.251474359;2087780.4625162217
UNIMED VALE DO CARANGOLA COOPERATIVA DE TRABALHO MEDICO LTDA;337561;MG;152157468.05;1300491.17991453;2362222.332710708
COOPERATIVA DOS USUÁRIOS DE SERVIÇOS DE SAÚDE DO VALE DO RIO DOS SINOS LTDA;404241;RS;147978383.76;2208632.593432836;3970899.2811196996
VIDA TOP MAIS SAÚDE OPERADORA DE PLANOS DE SAÚDE LTDA.;422835;SP;142079800.07;1246314.0357017543;2818094.6378716268
ASSOCIAÇAO UNISAUDE MARAU;333867;RS;139486473.25;1499854.5510752688;2717626.2946102554
SUL DO PARÁ LTDA;423718;PA;136406824.75;2393102.1885964912;2800621.7422403777
RIO DOCE SAÚDE;421359;ES;135702586.96;1304832.566923077;2817644.222276883
ON MED ASSISTÊNCIA MÉDICA LTDA;304212;RS;132776860.71000001;1412519.7947872342;2831020.789615235
TOTAL ASSISTÊNCIA MÉDICA HOSPITALAR LTDA;423548;MG;121674120.49;2295738.12245283;2903119.2831467637
UNIMED REGIONAL DE PICOS - COOPERATIVA DE TRABALHO MÉDICO;313475;PI;116594384.98;2429049.6870833333;3492751.0076998887
R.M.I. OPERADORA DE SAÚDE INTEGRADA LTDA;420271;SP;116122486.11;3055854.897631579;4588378.27710344
ODONTO EMPRESAS CONVENIOS DENTARIOS LTDA.;310981;SP;115487531.26;3499622.1593939397;3297867.7023981344
FUNDAÇÃO PLAMHUV - PLANO MÉDICO HOSPITALAR DOS HOSPITAIS UNIDOS DE VIÇOSA;418501;MG;112853362.45;868102.7880769231;2020534.1130380586
UNIODONTO DE JOÃO PESSOA COOPERATIVA ODONTOLÓGICA;361569;PB;111411265.16000001;2652649.1704761907;3543562.0539838816
UNIMED SOUSA - COOPERATIVA DE TRABALHO MÉDICO;343153;PB;106894441.75;1068944.4175;1844265.294079463
HOSPITAL CESAR LEITE;314706;MG;103614685.91;1138622.922087912;1912344.3216475889
UNIODONTO DO BRASIL CENTRAL NACIONAL DAS COOPERATIVAS ODONTÓLOGICAS;314315;SP;102882014.41;1804947.62122807;2524100.7239683843
CAIXA DE ASSISTÊNCIA À SAÚDE DOS TRABALHADORES NAS INDÚSTRIAS METALÚRGICAS, MECÂNICAS E DO MATERIAL ELÉTRICO DE BRUSQUE;419851;SC;100985052.27;1422324.6798591549;2593512.1164971325
OPLAN SAÚDE OPERADORA DE PLANO DE SAÚDE LTDA;418226;RJ;100925105.49;870044.0128448275;1717411.4452572386
ASSOCIAÇÃO DO FISCO DE ALAGOAS;393533;AL;100765622.34;1937800.4296153847;5042494.127824051
ASSOCIACAO DE SAUDE HOLAMBRA;360783;SP;99473224.19;2368410.0997619047;3410116.3816440552
UNIMED CAMPO BELO- COOPERATIVA DE TRABALHO MÉDICO;367613;MG;98100789.77;469381.7692344497;1026620.2169034379
ASSOCIAÇÃO BENEFICENTE CATÓLICA;322326;MG;97968791.03;851902.5306956522;1489192.888989908
UNIODONTO PAULISTA-FEDERAÇÃO DAS COOPERATIVAS ODONTOLÓGICAS DO ESTADO DE SÃO PAULO;361593;SP;94660625.45;2014055.8606382979;2322878.1813433305
SISTEMA TOTAL DE SAÚDE LTDA.;402001;SP;91634582.05;1104031.1090361446;2005863.5592762881
UNIODONTO DE MANAUS - COOPERATIVA ODONTOLÓGICA LTDA.;311391;AM;91128166.01;1446478.8255555558;2292528.7345597213
ASSOCIAÇÃO POLICIAL DE ASSISTENCIA À SAUDE DE SAO JOAO DA BOA VISTA;408263;SP;88859934.91;1217259.382328767;2328584.682780832
AME-ASSISTÊNCIA MÉDICA A EMPRESAS LTDA;304531;MG;87883651.21000001;861604.4236274511;1632556.3143309366
MEDGOLD ASSISTENCIA MEDICA LTDA - ME;419753;MG;87489274.47;795357.0406363637;1286557.823822767
PORTOMED - PORTO SEGURO SERVIÇOS DE SAUDE LTDA;417491;SP;84378878.19;907299.765483871;1783831.0178302028
PRONTO SOCORRO CONDE DE MOREIRA LIMA;417475;SP;83636542.27;610485.71;1260324.9415796318
PLAMESC PLANOS DE SAÚDE LTDA;419974;RJ;81342000.01;968357.1429761905;1720515.6357615243
ASSOCIACAO POLICIAL DE ASSISTENCIA A SAUDE DE ITAPETININGA;406635;SP;78429179.74000001;676113.618448276;1471847.7357220598
UNIODONTO DE AMERICANA COOPERATIVA ODONTOLÓGICA;347604;SP;78340886.51;1305681.4418333333;1841963.7753065878
VOCÊ TOTAL PLANOS DE SAÚDE LIMITADA;422487;SP;76686873.84;1111403.9686956522;1920513.4379213953
SANTA CASA DE MISERICÓRDIA DE TUPÃ;306045;SP;74640525.49;1051275.0069014083;1787784.071139016
UNIMED DE BATATAIS - COOPERATIVA DE TRABALHO MÉDICO;313149;SP;72929379.7;602722.1462809917;981954.7936566421
COMSEDER - COOPERATIVA DE ASSISTÊNCIA MÉDICA DOS SERVIDORES DA SUPLAN E DO DER LTDA;390259;PB;72503669.01;1294708.3751785716;1890053.9784747385
ASSOCIACAO CIVIL PRÓ-SAÚDE DOS SERVIDORES DA UNIVERSIDADE ESTADUAL DE PONTA GROSSA;409634;PR;71758200.47;1435164.0093999999;2245544.703230308
ASSOCIAÇÃO UNIVIDA SANTA RITA DO PASSA QUATRO;420123;SP;71447855.98;686998.6151923077;1470367.917168194
DONA SAÚDE CLINICAS LTDA ;365645;SP;65673368.11;1010359.5093846153;1439833.9129697161
UNIODONTO UBERABA - COOPERATIVA DE ASSISTÊNCIA À SAÚDE ODONTOLÓGICA LTDA;370568;MG;65128624.11;1163011.1448214285;1788079.8400436116
S1 OPERADORA DE PLANO DE SAÚDE LTDA;420981;DF;63480919.02;1058015.317;1741856.514520516
TELOS - FUNDAÇÃO EMBRATEL DE SEGURIDADE SOCIAL;316849;RJ;61467003.38;2561125.1408333336;2474382.4681151784
PLENUM ASSISTENCIA MEDICA  LTDA;423441;DF;61218573.29;2186377.6175;2333258.478904433
FUNDO DE ASSISTÊNCIA MÉDICO-HOSPITALAR DO MINISTÉRIO PÚBLICO;418129;MS;59437418.25;928709.66015625;1452012.2191509358
CAIXA BENEFICENTE DOS FUNCIONÁRIOS DO GRUPO IGUAÇU;414026;PR;57617329.65;811511.6852112676;1422296.2170745016
UNIODONTO DE SOROCABA COOPERATIVA ODONTOLÓGICA;334243;SP;57216492.42;1362297.4385714286;1767603.2192185358
PERSONAL CARE OPERADORA DE SAÚDE SA;421707;SP;56340041.44;1173750.8633333333;1664323.3299181554
ASSOCIAÇÃO POLICIAL DE ASSISTÊNCIA À SAÚDE DE BARRETOS;407569;SP;55843251.31;1163401.0689583335;1704669.0484696894
CARING SAÚDE ASSISTÊNCIA MÉDICA LTDA.;422304;RJ;54216826.86;1390175.0476923077;1703292.3716341169
UNIODONTO DE ARARAQUARA COOPERATIVA ODONTOLÓGICA;316997;SP;53797413.37;978134.7885454545;1487231.5539896553
UNIODONTO DO SUL GOIANO COOPERATIVA ODONTOLOGICA;358339;GO;51663833.13;1230091.2650000001;1526094.0111053123
UNIODONTO DE JUNDIAÍ COOPERATIVA ODONTOLÓGICA;347795;SP;51269536.85;854492.2808333334;1217407.2602154387
CEAM BRASIL - PLANOS DE SAÚDE LTDA;311472;MG;50904375.7;1755323.3;2307868.021610635
SAMIG - SERV. DE ASSISTENCIA MEDICA DA ILHA DO GOVERNADOR LTDA;340162;RJ;48890613.37;679036.2968055555;837405.465629466
CAMIM OPERADORA DE PLANO DE SAÚDE LTDA;319872;RJ;48016641.09;1231195.9253846155;1088003.2214023531
ASSOCIAÇÃO DOS SERVIDORES PÚBLICOS DA ADMINISTRAÇÃO DIRETA DO GOVERNO DO ESTADO DO PARÁ - ASPARÁ;419591;PA;46777229.82;1063118.8595454546;1525005.7091067769
PLANO DE ASSISTÊNCIA MÉDICA MINEIRA LTDA;382281;MG;46378825.07;572578.0872839506;781745.3569101972
ASSOCIAÇÃO HOSPITAL SAÚDE DE VARGEM GRANDE DO SUL;421618;SP;45480136.39;842224.747962963;1233382.3913720862
PRESERVE SAUDE ASSISTENCIA MEDICA LTDA;422959;BA;43611238.12;363426.9843333333;868487.231540996
SD-M OPERADORA DE PLANOS DE SAUDE LTDA;421634;RJ;43049475.9;878560.7326530612;1078782.2549343773
VALE PLANOS DE SAÚDE LTDA;424048;PE;42265403.93;960577.3620454546;1099705.7168347624
ASSOCIAÇÃO SAÚDE RURAL ALEGRETE;418218;RS;41423620.14;552314.9352000001;1029858.9489467985
ASSOCIAÇÃO POLICIAL DE ASSISTÊNCIA À SAÚDE DE JAÚ;408034;SP;40440982.41;416917.34443298966;812837.3555684279
ASSOCIAÇÃO POLICIAL DE ASSISTÊNCIA À SAÚDE;406813;SP;40049702.83;471172.9744705882;917017.2556044363
CAIXA DE ASSISTÊNCIA DOS EMPREGADOS DO SETOR PÚBLICO DO ESTADO DE GOIÁS - CAEME;344184;GO;39980216.11;579423.4218840579;1059015.848722469
UNIODONTO DE LONDRINA COOP. ODONTOLÓGICA;350770;PR;39664374.11;610221.1401538461;944451.6976184928
DENTAL CENTER LTDA;339458;PB;37880995.88;841799.9084444445;1102743.3595102418
ASSOCIACAO DOS SERVIDORES DA EMDAGRO - ASSEM;420093;SE;37700030.43;608065.0069354839;1035860.4519701822
ASSOCIAÇÃO POLICIAL DE ASSISTENCIA A SAUDE DE BOTUCATU;408093;SP;36371905.91;661307.3801818182;1104451.6398109114
BENEFICENCIA SOCIAL BOM SAMARITANO;421189;MG;35763311.2;340602.96380952385;575418.8887911922
SANTA CASA DE MISERICÓRDIA E ASILO DOS POBRES DE BATATAIS;344915;SP;35019932.46;282418.81016129034;535339.8466148627
HSMED SAUDE LTDA;342955;RJ;35014520.9;389050.2322222222;593468.2890091519
ODONT-OPERADORA ODONTOLOGICA LTDA;422088;SP;33741872.95;661605.3519607844;788841.2366372007
PD BRASIL ASSISTENCIA ODONTOLOGICA LTDA;422355;MG;32400246.04;720005.4675555555;412255.2758901889
UNIODONTO RS FEDERACAO DAS UNIODONTOS DO RGS LTDA;305421;RS;31902802.39;759590.5330952381;833084.9900831662
ÔNIX OPERADORA DE PLANOS DE SAÚDE LTDA;407534;RJ;29258588.31;495908.27644067793;531184.8985555894
YOU ASSISTÊNCIA MÉDICA LTDA.;422380;MG;28506600.32;2036185.7371428572;1657364.0153672313
SALUSMED OPERADORA DE PLANOS DE SAUDE LTDA;422746;SP;28392018.37;630933.7415555556;816594.2322457894
ODONTOLIVE OPERADORA DE PLANOS ODONTOLÓGICOS LTDA.;417831;SP;27802388.7;579216.43125;878505.4838941605
ASSOC DE ASSIST À SAÚDE DOS SERV DAS UNIV E INST FED, EST E/OU FAC PART EM PE;423432;PE;26664178.19;555503.7122916667;709752.4197866721
ASSOCIAÇÃO PADRE PIO PLANOS DE SAÚDE;420816;SP;24146840.490000002;383283.1823809524;630662.944941963
COOPERATIVA DE TRABALHO ODONTOLOGICO - UNIODONTO ITAJUBÁ;419028;MG;23514952.25;653193.1180555555;706202.0556387091
ASSOCIAÇÃO SERVIÇOS ODONTOLÓGICOS DA INDÚSTRIA DE MINAS GERAIS - ODONTOINDUSTRIA;417220;MG;22558604.75;939941.8645833334;674678.9372385512
ASSOCIAÇÃO DOS FISCAIS DE TRIBUTOS ESTADUAIS DO RS - AFISVEC;382639;RS;20621297.75;502958.48170731706;643482.2692024311
PLANO DE ASSISTÊNCIA ODONTOLÓGICA FAUCHARD LTDA. ME;417106;BA;18557869.990000002;883708.0947619049;692161.5870812379
HEALTH-MED SISTEMA DE SAUDE LTDA;421723;RJ;17951642.65;284946.7087301587;428262.1062914022
QUALIDONTO - QUALIDADE EM ODONTOLOGIA LTDA ;417131;BA;17162832.99;817277.7614285713;639970.4091823102
UNIODONTO DE MATO GROSSO COOP TRAB ODONTOLOGICO LTDA;343404;MT;17077199.55;341543.99100000004;447452.24520385114
BLUZZ SAÚDE S/A;424170;ES;17056630.59;262409.7013846154;347985.53977658413
SANTA CASA DA MISERICÓRDIA DE SÃO JOÃO DEL REI;408522;MG;16918877.41;225585.03213333333;258118.90729433444
CAIXA SEGURADORA ESPECIALIZADA EM SAÚDE S/A;418072;SP;15885402.46;387448.8404878049;640437.7084865469
MEDHEALTH PLANOS DE SAÚDE LTDA;421367;PR;15052433.03;295145.7456862745;688732.3364984201
ODONTO SEG OPERADORA DE PLANOS ODONTOLOGICOS S.A.;419281;SP;14263588.72;594316.1966666667;508237.4633762255
HOSPITAL DE CARIDADE SÃO VICENTE DE PAULO;420930;PR;12878415.77;429280.5256666666;239028.69646761144
SAME-SERVIÇO DE ASSISTÊNCIA MÉDICA EMPRESARIAL LTDA.;415901;MA;12736608.74;289468.38045454543;339482.1554515331
CROWN ODONTOLOGIA DE GRUPO LTDA;397245;SP;10955023.76;280898.04512820515;293533.8274579085
ODILE SERVIÇOS DE SAÚDE LTDA.;422754;SP;10862971.23;472303.09695652174;288860.5493879101
INNOVA PLANO DE SAUDE LTDA;423572;RO;10848091.87;387431.8525;512149.5770950459
SORRIDEN CONVÊNIOS ODONTOLÓGICOS S.A.;419524;SP;10324732.24;382397.4903703704;303598.58464870293
INFINITY SAÚDE SUPLEMENTAR LTDA;423564;MT;9616283.12;162987.8494915254;241548.50726042432
UNIVIDA USA OPERADORA EM SAUDE S/A;422134;SP;7079237.2;471949.14666666667;609968.593705482
ZURICH SANTANDER BRASIL ODONTO LTDA.;419354;SP;6698418.64;318972.3161904762;225559.7074176857
BRASIL ODONTO OPERADORA DE PLANOS ODONTOLÓGICOS LTDA;421561;TO;6428611.01;306124.3338095238;212980.75012859923
ALMA ODONTO OPERADORA DE PLANOS ODONTOLOGICOS LTDA;423262;SP;6013158.16;250548.25666666668;133887.5324723711
SMART CARE SISTEMAS MÉDICOS E ODONTOLÓGICOS LTDA.;420051;SP;5745191.92;359074.495;253480.03542455027
PLANO SIGMA SAÚDE LTDA;423408;SP;5142541.45;321408.840625;98822.00473324092
EXCELÊNCIA PLANO DE SAÚDE S/A;421642;ES;5016396.33;98360.71235294118;198861.4303010556
G & M ASSESSORIA MEDICA EMPRESARIAL LTDA;409286;RJ;5009955.63;78280.55671875;98730.50413515078
POLIMÉDICA SAÚDE SOCIEDADE SIMPLES LTDA;316903;RS;4936946.05;80933.54180327868;111672.29795332151
ODONTO PRIME S/S LTDA;418994;CE;4857944.4;269885.80000000005;159305.9261398832
BEMSTAR ASSISTENCIA MEDICA LTDA;423181;BA;4754937.77;83419.96087719298;82351.32580624623
BIORAL SISTEMA ODONTOLÓGICO LTDA.;419079;SP;4612366.5;170828.38888888888;277656.73981782777
SAUDIA ASSISTENCIA MÉDICA LTDA;423645;MG;3975998.7;64129.01129032258;88995.34914686129
ASSISTÊNCIA MÉDICA 12 DE OUTUBRO LTDA;423912;SP;3529987.05;168094.6214285714;144075.429165661
INTERCLINICAS PLANO VIDA USA OPERADORA DE SAUDE LTDA;420841;SP;2537854.03;97609.77038461537;162349.23057238158
LIVRI OPERADORA DE PLANO DE SAÚDE LTDA;422479;SP;1760697.55;73362.39791666667;45140.09892724033
CLÍNICA SÃO GABRIEL S/S LTDA;415944;SP;1389079.65;27781.592999999997;29718.694119471453
EVO SAUDE ASSISTENCIA MEDICA LTDA;423700;DF;861805.86;31918.735555555555;40486.91383159277
SAGRADA SAÚDE ASSISTÊNCIA MÉDICA LTDA;423815;MG;785669.03;19162.659268292682;24069.028780300043
PLURAL GESTÃO EM PLANOS DE SAÚDE LTDA;418552;RJ;478569.42000000004;159523.14;147858.54512779537
SOCIODONTO PLANO DE ASSISTÊNCIA ODONTOLÓGICA LTDA;416410;MG;317622.95;26468.579166666666;26517.3594963445
UNIMED PARAIBA - FEDERAÇAO DAS SOCIEDADES COOPERATIVAS DE TRABALHO MEDICO;324523;PB;310892.39;5454.252456140352;9853.101992689424
SAUDE SALV ASSISTENCIA MEDICA LTDA;424463;RO;222347.58;17103.66;16163.94042128651
VITTA SAUDE ADMINISTRADORA DE BENEFICIOS LTDA.;422592;SP;53132.41;26566.205;3121.8835100064193
ARL ADMINISTRADORA DE BENEFÍCIOS LTDA.;422941;SP;28400.0;2840.0;0.0
CENTRAL OPERADORA DE PLANOS DE SAÚDE NORTE-NORDESTE LTDA;417092;PB;14360.52;1595.6133333333335;2385.35
MAXIMED PLANOS DE SAUDE LTDA;424196;RJ;1.0;1.0;0.0
